" ","score","status","future","trend","pressures","resilience"
"Index",62.2,,62.5,,,
"Food Provision",63.8,63,64.6,0.1,,
". Fisheries",0,0,0,0,62,58.4
". Mariculture",98.7,97.5,100,0.1,57.9,61.9
"Artisanal Fishing Opportunity",40.7,40.6,40.9,0,55.8,58.4
"Natural Products",88.8,89.8,87.9,0,54.2,47.7
"Carbon Storage",39.4,40.3,38.5,-0.1,54.6,60.1
"Coastal Protection",37.3,37.9,36.8,-0.1,54.9,60.1
"Tourism & Recreation",71,70.3,71.8,0,54.1,60.1
"Coastal Livelihoods & Economies",94.6,89.1,100,0.6,,
". Livelihoods",89.1,78.2,100,0.5,40.8,57.5
". Economies",100,100,100,0.7,40.8,53.7
"Sense of Place",41.2,41.2,41.2,0,,
". Iconic Species",68.2,68.3,68.1,0,62.5,61.5
". Lasting Special Places",14.2,14.2,14.2,0,59.3,60.1
"Clean Waters",90.1,90.6,89.6,0,59.9,60.1
"Biodiversity",54.7,55.5,54,0,,
". Habitats",58.6,60,57.2,-0.1,56.5,61.3
". Species",50.9,51.1,50.7,0,66.8,64.8
