"rgn_id","product","year","usd_rel"
4,"corals",1990,0.31070739590919
3,"corals",1990,0.31070739590919
2,"corals",1990,0.31070739590919
1,"corals",1990,0.31070739590919
10,"corals",1990,0.31070739590919
7,"corals",1990,0.31070739590919
11,"corals",1990,0.31070739590919
8,"corals",1990,0.31070739590919
6,"corals",1990,0.31070739590919
9,"corals",1990,0.31070739590919
5,"corals",1990,0.31070739590919
4,"corals",1991,0.331052853474378
3,"corals",1991,0.331052853474378
2,"corals",1991,0.331052853474378
1,"corals",1991,0.331052853474378
10,"corals",1991,0.331052853474378
7,"corals",1991,0.331052853474378
11,"corals",1991,0.331052853474378
8,"corals",1991,0.331052853474378
6,"corals",1991,0.331052853474378
9,"corals",1991,0.331052853474378
5,"corals",1991,0.331052853474378
4,"corals",1992,0.443256295274232
3,"corals",1992,0.443256295274232
2,"corals",1992,0.443256295274232
1,"corals",1992,0.443256295274232
10,"corals",1992,0.443256295274232
7,"corals",1992,0.443256295274232
11,"corals",1992,0.443256295274232
8,"corals",1992,0.443256295274232
6,"corals",1992,0.443256295274232
9,"corals",1992,0.443256295274232
5,"corals",1992,0.443256295274232
4,"corals",1993,0.492698631712085
3,"corals",1993,0.492698631712085
2,"corals",1993,0.492698631712085
1,"corals",1993,0.492698631712085
10,"corals",1993,0.492698631712085
7,"corals",1993,0.492698631712085
11,"corals",1993,0.492698631712085
8,"corals",1993,0.492698631712085
6,"corals",1993,0.492698631712085
9,"corals",1993,0.492698631712085
5,"corals",1993,0.492698631712085
4,"corals",1994,0.460024529531256
3,"corals",1994,0.460024529531256
2,"corals",1994,0.460024529531256
1,"corals",1994,0.460024529531256
10,"corals",1994,0.460024529531256
7,"corals",1994,0.460024529531256
11,"corals",1994,0.460024529531256
8,"corals",1994,0.460024529531256
6,"corals",1994,0.460024529531256
9,"corals",1994,0.460024529531256
5,"corals",1994,0.460024529531256
4,"corals",1995,0.53600858533594
3,"corals",1995,0.53600858533594
2,"corals",1995,0.53600858533594
1,"corals",1995,0.53600858533594
10,"corals",1995,0.53600858533594
7,"corals",1995,0.53600858533594
11,"corals",1995,0.53600858533594
8,"corals",1995,0.53600858533594
6,"corals",1995,0.53600858533594
9,"corals",1995,0.53600858533594
5,"corals",1995,0.53600858533594
4,"corals",1996,0.418918400981181
3,"corals",1996,0.418918400981181
2,"corals",1996,0.418918400981181
1,"corals",1996,0.418918400981181
10,"corals",1996,0.418918400981181
7,"corals",1996,0.418918400981181
11,"corals",1996,0.418918400981181
8,"corals",1996,0.418918400981181
6,"corals",1996,0.418918400981181
9,"corals",1996,0.418918400981181
5,"corals",1996,0.418918400981181
4,"corals",1997,0.337281054769844
3,"corals",1997,0.337281054769844
2,"corals",1997,0.337281054769844
1,"corals",1997,0.337281054769844
10,"corals",1997,0.337281054769844
7,"corals",1997,0.337281054769844
11,"corals",1997,0.337281054769844
8,"corals",1997,0.337281054769844
6,"corals",1997,0.337281054769844
9,"corals",1997,0.337281054769844
5,"corals",1997,0.337281054769844
4,"corals",1998,0.313805526810011
3,"corals",1998,0.313805526810011
2,"corals",1998,0.313805526810011
1,"corals",1998,0.313805526810011
10,"corals",1998,0.313805526810011
7,"corals",1998,0.313805526810011
11,"corals",1998,0.313805526810011
8,"corals",1998,0.313805526810011
6,"corals",1998,0.313805526810011
9,"corals",1998,0.313805526810011
5,"corals",1998,0.313805526810011
4,"corals",1999,0.201602085010157
3,"corals",1999,0.201602085010157
2,"corals",1999,0.201602085010157
1,"corals",1999,0.201602085010157
10,"corals",1999,0.201602085010157
7,"corals",1999,0.201602085010157
11,"corals",1999,0.201602085010157
8,"corals",1999,0.201602085010157
6,"corals",1999,0.201602085010157
9,"corals",1999,0.201602085010157
5,"corals",1999,0.201602085010157
4,"corals",2000,0.215879038748994
3,"corals",2000,0.215879038748994
2,"corals",2000,0.215879038748994
1,"corals",2000,0.215879038748994
10,"corals",2000,0.215879038748994
7,"corals",2000,0.215879038748994
11,"corals",2000,0.215879038748994
8,"corals",2000,0.215879038748994
6,"corals",2000,0.215879038748994
9,"corals",2000,0.215879038748994
5,"corals",2000,0.215879038748994
4,"corals",2001,0.238683837338546
3,"corals",2001,0.238683837338546
2,"corals",2001,0.238683837338546
1,"corals",2001,0.238683837338546
10,"corals",2001,0.238683837338546
7,"corals",2001,0.238683837338546
11,"corals",2001,0.238683837338546
8,"corals",2001,0.238683837338546
6,"corals",2001,0.238683837338546
9,"corals",2001,0.238683837338546
5,"corals",2001,0.238683837338546
4,"corals",2002,0.279406691962746
3,"corals",2002,0.279406691962746
2,"corals",2002,0.279406691962746
1,"corals",2002,0.279406691962746
10,"corals",2002,0.279406691962746
7,"corals",2002,0.279406691962746
11,"corals",2002,0.279406691962746
8,"corals",2002,0.279406691962746
6,"corals",2002,0.279406691962746
9,"corals",2002,0.279406691962746
5,"corals",2002,0.279406691962746
4,"corals",2003,0.377333180023763
3,"corals",2003,0.377333180023763
2,"corals",2003,0.377333180023763
1,"corals",2003,0.377333180023763
10,"corals",2003,0.377333180023763
7,"corals",2003,0.377333180023763
11,"corals",2003,0.377333180023763
8,"corals",2003,0.377333180023763
6,"corals",2003,0.377333180023763
9,"corals",2003,0.377333180023763
5,"corals",2003,0.377333180023763
4,"corals",2004,0.514832700931356
3,"corals",2004,0.514832700931356
2,"corals",2004,0.514832700931356
1,"corals",2004,0.514832700931356
10,"corals",2004,0.514832700931356
7,"corals",2004,0.514832700931356
11,"corals",2004,0.514832700931356
8,"corals",2004,0.514832700931356
6,"corals",2004,0.514832700931356
9,"corals",2004,0.514832700931356
5,"corals",2004,0.514832700931356
4,"corals",2005,0.671304281169752
3,"corals",2005,0.671304281169752
2,"corals",2005,0.671304281169752
1,"corals",2005,0.671304281169752
10,"corals",2005,0.671304281169752
7,"corals",2005,0.671304281169752
11,"corals",2005,0.671304281169752
8,"corals",2005,0.671304281169752
6,"corals",2005,0.671304281169752
9,"corals",2005,0.671304281169752
5,"corals",2005,0.671304281169752
4,"corals",2006,0.782741175117857
3,"corals",2006,0.782741175117857
2,"corals",2006,0.782741175117857
1,"corals",2006,0.782741175117857
10,"corals",2006,0.782741175117857
7,"corals",2006,0.782741175117857
11,"corals",2006,0.782741175117857
8,"corals",2006,0.782741175117857
6,"corals",2006,0.782741175117857
9,"corals",2006,0.782741175117857
5,"corals",2006,0.782741175117857
4,"corals",2007,0.964029742056648
3,"corals",2007,0.964029742056648
2,"corals",2007,0.964029742056648
1,"corals",2007,0.964029742056648
10,"corals",2007,0.964029742056648
7,"corals",2007,0.964029742056648
11,"corals",2007,0.964029742056648
8,"corals",2007,0.964029742056648
6,"corals",2007,0.964029742056648
9,"corals",2007,0.964029742056648
5,"corals",2007,0.964029742056648
4,"corals",2008,1
3,"corals",2008,1
2,"corals",2008,1
1,"corals",2008,1
10,"corals",2008,1
7,"corals",2008,1
11,"corals",2008,1
8,"corals",2008,1
6,"corals",2008,1
9,"corals",2008,1
5,"corals",2008,1
4,"corals",2009,1
3,"corals",2009,1
2,"corals",2009,1
1,"corals",2009,1
10,"corals",2009,1
7,"corals",2009,1
11,"corals",2009,1
8,"corals",2009,1
6,"corals",2009,1
9,"corals",2009,1
5,"corals",2009,1
4,"corals",2010,1
3,"corals",2010,1
2,"corals",2010,1
1,"corals",2010,1
10,"corals",2010,1
7,"corals",2010,1
11,"corals",2010,1
8,"corals",2010,1
6,"corals",2010,1
9,"corals",2010,1
5,"corals",2010,1
4,"corals",2011,1
3,"corals",2011,1
2,"corals",2011,1
1,"corals",2011,1
10,"corals",2011,1
7,"corals",2011,1
11,"corals",2011,1
8,"corals",2011,1
6,"corals",2011,1
9,"corals",2011,1
5,"corals",2011,1
4,"fish_oil",1982,0
3,"fish_oil",1982,0
2,"fish_oil",1982,0
1,"fish_oil",1982,0
10,"fish_oil",1982,0
7,"fish_oil",1982,0
11,"fish_oil",1982,0
8,"fish_oil",1982,0
6,"fish_oil",1982,0
9,"fish_oil",1982,0
5,"fish_oil",1982,0
4,"fish_oil",1983,0
3,"fish_oil",1983,0
2,"fish_oil",1983,0
1,"fish_oil",1983,0
10,"fish_oil",1983,0
7,"fish_oil",1983,0
11,"fish_oil",1983,0
8,"fish_oil",1983,0
6,"fish_oil",1983,0
9,"fish_oil",1983,0
5,"fish_oil",1983,0
4,"fish_oil",1984,5.37254864036912e-06
3,"fish_oil",1984,5.37254864036912e-06
2,"fish_oil",1984,5.37254864036912e-06
1,"fish_oil",1984,5.37254864036912e-06
10,"fish_oil",1984,5.37254864036912e-06
7,"fish_oil",1984,5.37254864036912e-06
11,"fish_oil",1984,5.37254864036912e-06
8,"fish_oil",1984,5.37254864036912e-06
6,"fish_oil",1984,5.37254864036912e-06
9,"fish_oil",1984,5.37254864036912e-06
5,"fish_oil",1984,5.37254864036912e-06
4,"fish_oil",1985,8.05882296055367e-05
3,"fish_oil",1985,8.05882296055367e-05
2,"fish_oil",1985,8.05882296055367e-05
1,"fish_oil",1985,8.05882296055367e-05
10,"fish_oil",1985,8.05882296055367e-05
7,"fish_oil",1985,8.05882296055367e-05
11,"fish_oil",1985,8.05882296055367e-05
8,"fish_oil",1985,8.05882296055367e-05
6,"fish_oil",1985,8.05882296055367e-05
9,"fish_oil",1985,8.05882296055367e-05
5,"fish_oil",1985,8.05882296055367e-05
4,"fish_oil",1986,0.000102078424167013
3,"fish_oil",1986,0.000102078424167013
2,"fish_oil",1986,0.000102078424167013
1,"fish_oil",1986,0.000102078424167013
10,"fish_oil",1986,0.000102078424167013
7,"fish_oil",1986,0.000102078424167013
11,"fish_oil",1986,0.000102078424167013
8,"fish_oil",1986,0.000102078424167013
6,"fish_oil",1986,0.000102078424167013
9,"fish_oil",1986,0.000102078424167013
5,"fish_oil",1986,0.000102078424167013
4,"fish_oil",1987,0.000145058813289966
3,"fish_oil",1987,0.000145058813289966
2,"fish_oil",1987,0.000145058813289966
1,"fish_oil",1987,0.000145058813289966
10,"fish_oil",1987,0.000145058813289966
7,"fish_oil",1987,0.000145058813289966
11,"fish_oil",1987,0.000145058813289966
8,"fish_oil",1987,0.000145058813289966
6,"fish_oil",1987,0.000145058813289966
9,"fish_oil",1987,0.000145058813289966
5,"fish_oil",1987,0.000145058813289966
4,"fish_oil",1988,0.000725294066449831
3,"fish_oil",1988,0.000725294066449831
2,"fish_oil",1988,0.000725294066449831
1,"fish_oil",1988,0.000725294066449831
10,"fish_oil",1988,0.000725294066449831
7,"fish_oil",1988,0.000725294066449831
11,"fish_oil",1988,0.000725294066449831
8,"fish_oil",1988,0.000725294066449831
6,"fish_oil",1988,0.000725294066449831
9,"fish_oil",1988,0.000725294066449831
5,"fish_oil",1988,0.000725294066449831
4,"fish_oil",1989,0.000881097977020535
3,"fish_oil",1989,0.000881097977020535
2,"fish_oil",1989,0.000881097977020535
1,"fish_oil",1989,0.000881097977020535
10,"fish_oil",1989,0.000881097977020535
7,"fish_oil",1989,0.000881097977020535
11,"fish_oil",1989,0.000881097977020535
8,"fish_oil",1989,0.000881097977020535
6,"fish_oil",1989,0.000881097977020535
9,"fish_oil",1989,0.000881097977020535
5,"fish_oil",1989,0.000881097977020535
4,"fish_oil",1990,0.00451831340655043
3,"fish_oil",1990,0.00451831340655043
2,"fish_oil",1990,0.00451831340655043
1,"fish_oil",1990,0.00451831340655043
10,"fish_oil",1990,0.00451831340655043
7,"fish_oil",1990,0.00451831340655043
11,"fish_oil",1990,0.00451831340655043
8,"fish_oil",1990,0.00451831340655043
6,"fish_oil",1990,0.00451831340655043
9,"fish_oil",1990,0.00451831340655043
5,"fish_oil",1990,0.00451831340655043
4,"fish_oil",1991,0.00602799957449415
3,"fish_oil",1991,0.00602799957449415
2,"fish_oil",1991,0.00602799957449415
1,"fish_oil",1991,0.00602799957449415
10,"fish_oil",1991,0.00602799957449415
7,"fish_oil",1991,0.00602799957449415
11,"fish_oil",1991,0.00602799957449415
8,"fish_oil",1991,0.00602799957449415
6,"fish_oil",1991,0.00602799957449415
9,"fish_oil",1991,0.00602799957449415
5,"fish_oil",1991,0.00602799957449415
4,"fish_oil",1992,0.00707027401072576
3,"fish_oil",1992,0.00707027401072576
2,"fish_oil",1992,0.00707027401072576
1,"fish_oil",1992,0.00707027401072576
10,"fish_oil",1992,0.00707027401072576
7,"fish_oil",1992,0.00707027401072576
11,"fish_oil",1992,0.00707027401072576
8,"fish_oil",1992,0.00707027401072576
6,"fish_oil",1992,0.00707027401072576
9,"fish_oil",1992,0.00707027401072576
5,"fish_oil",1992,0.00707027401072576
4,"fish_oil",1993,0.00903125426446048
3,"fish_oil",1993,0.00903125426446048
2,"fish_oil",1993,0.00903125426446048
1,"fish_oil",1993,0.00903125426446048
10,"fish_oil",1993,0.00903125426446048
7,"fish_oil",1993,0.00903125426446048
11,"fish_oil",1993,0.00903125426446048
8,"fish_oil",1993,0.00903125426446048
6,"fish_oil",1993,0.00903125426446048
9,"fish_oil",1993,0.00903125426446048
5,"fish_oil",1993,0.00903125426446048
4,"fish_oil",1994,0.00772035239621042
3,"fish_oil",1994,0.00772035239621042
2,"fish_oil",1994,0.00772035239621042
1,"fish_oil",1994,0.00772035239621042
10,"fish_oil",1994,0.00772035239621042
7,"fish_oil",1994,0.00772035239621042
11,"fish_oil",1994,0.00772035239621042
8,"fish_oil",1994,0.00772035239621042
6,"fish_oil",1994,0.00772035239621042
9,"fish_oil",1994,0.00772035239621042
5,"fish_oil",1994,0.00772035239621042
4,"fish_oil",1995,0.00914407778590823
3,"fish_oil",1995,0.00914407778590823
2,"fish_oil",1995,0.00914407778590823
1,"fish_oil",1995,0.00914407778590823
10,"fish_oil",1995,0.00914407778590823
7,"fish_oil",1995,0.00914407778590823
11,"fish_oil",1995,0.00914407778590823
8,"fish_oil",1995,0.00914407778590823
6,"fish_oil",1995,0.00914407778590823
9,"fish_oil",1995,0.00914407778590823
5,"fish_oil",1995,0.00914407778590823
4,"fish_oil",1996,0.0165259596177754
3,"fish_oil",1996,0.0165259596177754
2,"fish_oil",1996,0.0165259596177754
1,"fish_oil",1996,0.0165259596177754
10,"fish_oil",1996,0.0165259596177754
7,"fish_oil",1996,0.0165259596177754
11,"fish_oil",1996,0.0165259596177754
8,"fish_oil",1996,0.0165259596177754
6,"fish_oil",1996,0.0165259596177754
9,"fish_oil",1996,0.0165259596177754
5,"fish_oil",1996,0.0165259596177754
4,"fish_oil",1997,0.0183848614473431
3,"fish_oil",1997,0.0183848614473431
2,"fish_oil",1997,0.0183848614473431
1,"fish_oil",1997,0.0183848614473431
10,"fish_oil",1997,0.0183848614473431
7,"fish_oil",1997,0.0183848614473431
11,"fish_oil",1997,0.0183848614473431
8,"fish_oil",1997,0.0183848614473431
6,"fish_oil",1997,0.0183848614473431
9,"fish_oil",1997,0.0183848614473431
5,"fish_oil",1997,0.0183848614473431
4,"fish_oil",1998,0.0218340376744601
3,"fish_oil",1998,0.0218340376744601
2,"fish_oil",1998,0.0218340376744601
1,"fish_oil",1998,0.0218340376744601
10,"fish_oil",1998,0.0218340376744601
7,"fish_oil",1998,0.0218340376744601
11,"fish_oil",1998,0.0218340376744601
8,"fish_oil",1998,0.0218340376744601
6,"fish_oil",1998,0.0218340376744601
9,"fish_oil",1998,0.0218340376744601
5,"fish_oil",1998,0.0218340376744601
4,"fish_oil",1999,0.0231449395427102
3,"fish_oil",1999,0.0231449395427102
2,"fish_oil",1999,0.0231449395427102
1,"fish_oil",1999,0.0231449395427102
10,"fish_oil",1999,0.0231449395427102
7,"fish_oil",1999,0.0231449395427102
11,"fish_oil",1999,0.0231449395427102
8,"fish_oil",1999,0.0231449395427102
6,"fish_oil",1999,0.0231449395427102
9,"fish_oil",1999,0.0231449395427102
5,"fish_oil",1999,0.0231449395427102
4,"fish_oil",2000,0.0210012926352029
3,"fish_oil",2000,0.0210012926352029
2,"fish_oil",2000,0.0210012926352029
1,"fish_oil",2000,0.0210012926352029
10,"fish_oil",2000,0.0210012926352029
7,"fish_oil",2000,0.0210012926352029
11,"fish_oil",2000,0.0210012926352029
8,"fish_oil",2000,0.0210012926352029
6,"fish_oil",2000,0.0210012926352029
9,"fish_oil",2000,0.0210012926352029
5,"fish_oil",2000,0.0210012926352029
4,"fish_oil",2001,0.0237036846013085
3,"fish_oil",2001,0.0237036846013085
2,"fish_oil",2001,0.0237036846013085
1,"fish_oil",2001,0.0237036846013085
10,"fish_oil",2001,0.0237036846013085
7,"fish_oil",2001,0.0237036846013085
11,"fish_oil",2001,0.0237036846013085
8,"fish_oil",2001,0.0237036846013085
6,"fish_oil",2001,0.0237036846013085
9,"fish_oil",2001,0.0237036846013085
5,"fish_oil",2001,0.0237036846013085
4,"fish_oil",2002,0.0267069392912749
3,"fish_oil",2002,0.0267069392912749
2,"fish_oil",2002,0.0267069392912749
1,"fish_oil",2002,0.0267069392912749
10,"fish_oil",2002,0.0267069392912749
7,"fish_oil",2002,0.0267069392912749
11,"fish_oil",2002,0.0267069392912749
8,"fish_oil",2002,0.0267069392912749
6,"fish_oil",2002,0.0267069392912749
9,"fish_oil",2002,0.0267069392912749
5,"fish_oil",2002,0.0267069392912749
4,"fish_oil",2003,0.0462361535990166
3,"fish_oil",2003,0.0462361535990166
2,"fish_oil",2003,0.0462361535990166
1,"fish_oil",2003,0.0462361535990166
10,"fish_oil",2003,0.0462361535990166
7,"fish_oil",2003,0.0462361535990166
11,"fish_oil",2003,0.0462361535990166
8,"fish_oil",2003,0.0462361535990166
6,"fish_oil",2003,0.0462361535990166
9,"fish_oil",2003,0.0462361535990166
5,"fish_oil",2003,0.0462361535990166
4,"fish_oil",2004,0.0847358371559017
3,"fish_oil",2004,0.0847358371559017
2,"fish_oil",2004,0.0847358371559017
1,"fish_oil",2004,0.0847358371559017
10,"fish_oil",2004,0.0847358371559017
7,"fish_oil",2004,0.0847358371559017
11,"fish_oil",2004,0.0847358371559017
8,"fish_oil",2004,0.0847358371559017
6,"fish_oil",2004,0.0847358371559017
9,"fish_oil",2004,0.0847358371559017
5,"fish_oil",2004,0.0847358371559017
4,"fish_oil",2005,0.144720342725623
3,"fish_oil",2005,0.144720342725623
2,"fish_oil",2005,0.144720342725623
1,"fish_oil",2005,0.144720342725623
10,"fish_oil",2005,0.144720342725623
7,"fish_oil",2005,0.144720342725623
11,"fish_oil",2005,0.144720342725623
8,"fish_oil",2005,0.144720342725623
6,"fish_oil",2005,0.144720342725623
9,"fish_oil",2005,0.144720342725623
5,"fish_oil",2005,0.144720342725623
4,"fish_oil",2006,0.253347903685246
3,"fish_oil",2006,0.253347903685246
2,"fish_oil",2006,0.253347903685246
1,"fish_oil",2006,0.253347903685246
10,"fish_oil",2006,0.253347903685246
7,"fish_oil",2006,0.253347903685246
11,"fish_oil",2006,0.253347903685246
8,"fish_oil",2006,0.253347903685246
6,"fish_oil",2006,0.253347903685246
9,"fish_oil",2006,0.253347903685246
5,"fish_oil",2006,0.253347903685246
4,"fish_oil",2007,0.398986952228372
3,"fish_oil",2007,0.398986952228372
2,"fish_oil",2007,0.398986952228372
1,"fish_oil",2007,0.398986952228372
10,"fish_oil",2007,0.398986952228372
7,"fish_oil",2007,0.398986952228372
11,"fish_oil",2007,0.398986952228372
8,"fish_oil",2007,0.398986952228372
6,"fish_oil",2007,0.398986952228372
9,"fish_oil",2007,0.398986952228372
5,"fish_oil",2007,0.398986952228372
4,"fish_oil",2008,0.634804229700094
3,"fish_oil",2008,0.634804229700094
2,"fish_oil",2008,0.634804229700094
1,"fish_oil",2008,0.634804229700094
10,"fish_oil",2008,0.634804229700094
7,"fish_oil",2008,0.634804229700094
11,"fish_oil",2008,0.634804229700094
8,"fish_oil",2008,0.634804229700094
6,"fish_oil",2008,0.634804229700094
9,"fish_oil",2008,0.634804229700094
5,"fish_oil",2008,0.634804229700094
4,"fish_oil",2009,1
3,"fish_oil",2009,1
2,"fish_oil",2009,1
1,"fish_oil",2009,1
10,"fish_oil",2009,1
7,"fish_oil",2009,1
11,"fish_oil",2009,1
8,"fish_oil",2009,1
6,"fish_oil",2009,1
9,"fish_oil",2009,1
5,"fish_oil",2009,1
4,"fish_oil",2010,1
3,"fish_oil",2010,1
2,"fish_oil",2010,1
1,"fish_oil",2010,1
10,"fish_oil",2010,1
7,"fish_oil",2010,1
11,"fish_oil",2010,1
8,"fish_oil",2010,1
6,"fish_oil",2010,1
9,"fish_oil",2010,1
5,"fish_oil",2010,1
4,"fish_oil",2011,1
3,"fish_oil",2011,1
2,"fish_oil",2011,1
1,"fish_oil",2011,1
10,"fish_oil",2011,1
7,"fish_oil",2011,1
11,"fish_oil",2011,1
8,"fish_oil",2011,1
6,"fish_oil",2011,1
9,"fish_oil",2011,1
5,"fish_oil",2011,1
4,"ornamentals",1983,0.000449984408743338
3,"ornamentals",1983,0.000449984408743338
2,"ornamentals",1983,0.000449984408743338
1,"ornamentals",1983,0.000449984408743338
10,"ornamentals",1983,0.000449984408743338
7,"ornamentals",1983,0.000449984408743338
11,"ornamentals",1983,0.000449984408743338
8,"ornamentals",1983,0.000449984408743338
6,"ornamentals",1983,0.000449984408743338
9,"ornamentals",1983,0.000449984408743338
5,"ornamentals",1983,0.000449984408743338
4,"ornamentals",1984,0.000337488306557503
3,"ornamentals",1984,0.000337488306557503
2,"ornamentals",1984,0.000337488306557503
1,"ornamentals",1984,0.000337488306557503
10,"ornamentals",1984,0.000337488306557503
7,"ornamentals",1984,0.000337488306557503
11,"ornamentals",1984,0.000337488306557503
8,"ornamentals",1984,0.000337488306557503
6,"ornamentals",1984,0.000337488306557503
9,"ornamentals",1984,0.000337488306557503
5,"ornamentals",1984,0.000337488306557503
4,"ornamentals",1985,0.000316395287397659
3,"ornamentals",1985,0.000316395287397659
2,"ornamentals",1985,0.000316395287397659
1,"ornamentals",1985,0.000316395287397659
10,"ornamentals",1985,0.000316395287397659
7,"ornamentals",1985,0.000316395287397659
11,"ornamentals",1985,0.000316395287397659
8,"ornamentals",1985,0.000316395287397659
6,"ornamentals",1985,0.000316395287397659
9,"ornamentals",1985,0.000316395287397659
5,"ornamentals",1985,0.000316395287397659
4,"ornamentals",1986,0.00130776718791033
3,"ornamentals",1986,0.00130776718791033
2,"ornamentals",1986,0.00130776718791033
1,"ornamentals",1986,0.00130776718791033
10,"ornamentals",1986,0.00130776718791033
7,"ornamentals",1986,0.00130776718791033
11,"ornamentals",1986,0.00130776718791033
8,"ornamentals",1986,0.00130776718791033
6,"ornamentals",1986,0.00130776718791033
9,"ornamentals",1986,0.00130776718791033
5,"ornamentals",1986,0.00130776718791033
4,"ornamentals",1987,0.00217258097346393
3,"ornamentals",1987,0.00217258097346393
2,"ornamentals",1987,0.00217258097346393
1,"ornamentals",1987,0.00217258097346393
10,"ornamentals",1987,0.00217258097346393
7,"ornamentals",1987,0.00217258097346393
11,"ornamentals",1987,0.00217258097346393
8,"ornamentals",1987,0.00217258097346393
6,"ornamentals",1987,0.00217258097346393
9,"ornamentals",1987,0.00217258097346393
5,"ornamentals",1987,0.00217258097346393
4,"ornamentals",1988,0.00217258097346393
3,"ornamentals",1988,0.00217258097346393
2,"ornamentals",1988,0.00217258097346393
1,"ornamentals",1988,0.00217258097346393
10,"ornamentals",1988,0.00217258097346393
7,"ornamentals",1988,0.00217258097346393
11,"ornamentals",1988,0.00217258097346393
8,"ornamentals",1988,0.00217258097346393
6,"ornamentals",1988,0.00217258097346393
9,"ornamentals",1988,0.00217258097346393
5,"ornamentals",1988,0.00217258097346393
4,"ornamentals",1989,0.00577948724979724
3,"ornamentals",1989,0.00577948724979724
2,"ornamentals",1989,0.00577948724979724
1,"ornamentals",1989,0.00577948724979724
10,"ornamentals",1989,0.00577948724979724
7,"ornamentals",1989,0.00577948724979724
11,"ornamentals",1989,0.00577948724979724
8,"ornamentals",1989,0.00577948724979724
6,"ornamentals",1989,0.00577948724979724
9,"ornamentals",1989,0.00577948724979724
5,"ornamentals",1989,0.00577948724979724
4,"ornamentals",1990,0.3758354153901
3,"ornamentals",1990,0.3758354153901
2,"ornamentals",1990,0.3758354153901
1,"ornamentals",1990,0.3758354153901
10,"ornamentals",1990,0.3758354153901
7,"ornamentals",1990,0.3758354153901
11,"ornamentals",1990,0.3758354153901
8,"ornamentals",1990,0.3758354153901
6,"ornamentals",1990,0.3758354153901
9,"ornamentals",1990,0.3758354153901
5,"ornamentals",1990,0.3758354153901
4,"ornamentals",1991,0.743908599729377
3,"ornamentals",1991,0.743908599729377
2,"ornamentals",1991,0.743908599729377
1,"ornamentals",1991,0.743908599729377
10,"ornamentals",1991,0.743908599729377
7,"ornamentals",1991,0.743908599729377
11,"ornamentals",1991,0.743908599729377
8,"ornamentals",1991,0.743908599729377
6,"ornamentals",1991,0.743908599729377
9,"ornamentals",1991,0.743908599729377
5,"ornamentals",1991,0.743908599729377
4,"ornamentals",1992,1
3,"ornamentals",1992,1
2,"ornamentals",1992,1
1,"ornamentals",1992,1
10,"ornamentals",1992,1
7,"ornamentals",1992,1
11,"ornamentals",1992,1
8,"ornamentals",1992,1
6,"ornamentals",1992,1
9,"ornamentals",1992,1
5,"ornamentals",1992,1
4,"ornamentals",1993,1
3,"ornamentals",1993,1
2,"ornamentals",1993,1
1,"ornamentals",1993,1
10,"ornamentals",1993,1
7,"ornamentals",1993,1
11,"ornamentals",1993,1
8,"ornamentals",1993,1
6,"ornamentals",1993,1
9,"ornamentals",1993,1
5,"ornamentals",1993,1
4,"ornamentals",1994,1
3,"ornamentals",1994,1
2,"ornamentals",1994,1
1,"ornamentals",1994,1
10,"ornamentals",1994,1
7,"ornamentals",1994,1
11,"ornamentals",1994,1
8,"ornamentals",1994,1
6,"ornamentals",1994,1
9,"ornamentals",1994,1
5,"ornamentals",1994,1
4,"ornamentals",1995,1
3,"ornamentals",1995,1
2,"ornamentals",1995,1
1,"ornamentals",1995,1
10,"ornamentals",1995,1
7,"ornamentals",1995,1
11,"ornamentals",1995,1
8,"ornamentals",1995,1
6,"ornamentals",1995,1
9,"ornamentals",1995,1
5,"ornamentals",1995,1
4,"ornamentals",1996,0.945136002514288
3,"ornamentals",1996,0.945136002514288
2,"ornamentals",1996,0.945136002514288
1,"ornamentals",1996,0.945136002514288
10,"ornamentals",1996,0.945136002514288
7,"ornamentals",1996,0.945136002514288
11,"ornamentals",1996,0.945136002514288
8,"ornamentals",1996,0.945136002514288
6,"ornamentals",1996,0.945136002514288
9,"ornamentals",1996,0.945136002514288
5,"ornamentals",1996,0.945136002514288
4,"ornamentals",1997,0.769325687816989
3,"ornamentals",1997,0.769325687816989
2,"ornamentals",1997,0.769325687816989
1,"ornamentals",1997,0.769325687816989
10,"ornamentals",1997,0.769325687816989
7,"ornamentals",1997,0.769325687816989
11,"ornamentals",1997,0.769325687816989
8,"ornamentals",1997,0.769325687816989
6,"ornamentals",1997,0.769325687816989
9,"ornamentals",1997,0.769325687816989
5,"ornamentals",1997,0.769325687816989
4,"ornamentals",1998,0.439198844946271
3,"ornamentals",1998,0.439198844946271
2,"ornamentals",1998,0.439198844946271
1,"ornamentals",1998,0.439198844946271
10,"ornamentals",1998,0.439198844946271
7,"ornamentals",1998,0.439198844946271
11,"ornamentals",1998,0.439198844946271
8,"ornamentals",1998,0.439198844946271
6,"ornamentals",1998,0.439198844946271
9,"ornamentals",1998,0.439198844946271
5,"ornamentals",1998,0.439198844946271
4,"ornamentals",1999,0.387120180640616
3,"ornamentals",1999,0.387120180640616
2,"ornamentals",1999,0.387120180640616
1,"ornamentals",1999,0.387120180640616
10,"ornamentals",1999,0.387120180640616
7,"ornamentals",1999,0.387120180640616
11,"ornamentals",1999,0.387120180640616
8,"ornamentals",1999,0.387120180640616
6,"ornamentals",1999,0.387120180640616
9,"ornamentals",1999,0.387120180640616
5,"ornamentals",1999,0.387120180640616
4,"ornamentals",2000,0.369528602661306
3,"ornamentals",2000,0.369528602661306
2,"ornamentals",2000,0.369528602661306
1,"ornamentals",2000,0.369528602661306
10,"ornamentals",2000,0.369528602661306
7,"ornamentals",2000,0.369528602661306
11,"ornamentals",2000,0.369528602661306
8,"ornamentals",2000,0.369528602661306
6,"ornamentals",2000,0.369528602661306
9,"ornamentals",2000,0.369528602661306
5,"ornamentals",2000,0.369528602661306
4,"ornamentals",2001,0.200847728440034
3,"ornamentals",2001,0.200847728440034
2,"ornamentals",2001,0.200847728440034
1,"ornamentals",2001,0.200847728440034
10,"ornamentals",2001,0.200847728440034
7,"ornamentals",2001,0.200847728440034
11,"ornamentals",2001,0.200847728440034
8,"ornamentals",2001,0.200847728440034
6,"ornamentals",2001,0.200847728440034
9,"ornamentals",2001,0.200847728440034
5,"ornamentals",2001,0.200847728440034
4,"ornamentals",2002,0.223121956672829
3,"ornamentals",2002,0.223121956672829
2,"ornamentals",2002,0.223121956672829
1,"ornamentals",2002,0.223121956672829
10,"ornamentals",2002,0.223121956672829
7,"ornamentals",2002,0.223121956672829
11,"ornamentals",2002,0.223121956672829
8,"ornamentals",2002,0.223121956672829
6,"ornamentals",2002,0.223121956672829
9,"ornamentals",2002,0.223121956672829
5,"ornamentals",2002,0.223121956672829
4,"ornamentals",2003,0.253263881052246
3,"ornamentals",2003,0.253263881052246
2,"ornamentals",2003,0.253263881052246
1,"ornamentals",2003,0.253263881052246
10,"ornamentals",2003,0.253263881052246
7,"ornamentals",2003,0.253263881052246
11,"ornamentals",2003,0.253263881052246
8,"ornamentals",2003,0.253263881052246
6,"ornamentals",2003,0.253263881052246
9,"ornamentals",2003,0.253263881052246
5,"ornamentals",2003,0.253263881052246
4,"ornamentals",2004,0.280220759538527
3,"ornamentals",2004,0.280220759538527
2,"ornamentals",2004,0.280220759538527
1,"ornamentals",2004,0.280220759538527
10,"ornamentals",2004,0.280220759538527
7,"ornamentals",2004,0.280220759538527
11,"ornamentals",2004,0.280220759538527
8,"ornamentals",2004,0.280220759538527
6,"ornamentals",2004,0.280220759538527
9,"ornamentals",2004,0.280220759538527
5,"ornamentals",2004,0.280220759538527
4,"ornamentals",2005,0.31354772981108
3,"ornamentals",2005,0.31354772981108
2,"ornamentals",2005,0.31354772981108
1,"ornamentals",2005,0.31354772981108
10,"ornamentals",2005,0.31354772981108
7,"ornamentals",2005,0.31354772981108
11,"ornamentals",2005,0.31354772981108
8,"ornamentals",2005,0.31354772981108
6,"ornamentals",2005,0.31354772981108
9,"ornamentals",2005,0.31354772981108
5,"ornamentals",2005,0.31354772981108
4,"ornamentals",2006,0.340588980374
3,"ornamentals",2006,0.340588980374
2,"ornamentals",2006,0.340588980374
1,"ornamentals",2006,0.340588980374
10,"ornamentals",2006,0.340588980374
7,"ornamentals",2006,0.340588980374
11,"ornamentals",2006,0.340588980374
8,"ornamentals",2006,0.340588980374
6,"ornamentals",2006,0.340588980374
9,"ornamentals",2006,0.340588980374
5,"ornamentals",2006,0.340588980374
4,"ornamentals",2007,0.37442218310639
3,"ornamentals",2007,0.37442218310639
2,"ornamentals",2007,0.37442218310639
1,"ornamentals",2007,0.37442218310639
10,"ornamentals",2007,0.37442218310639
7,"ornamentals",2007,0.37442218310639
11,"ornamentals",2007,0.37442218310639
8,"ornamentals",2007,0.37442218310639
6,"ornamentals",2007,0.37442218310639
9,"ornamentals",2007,0.37442218310639
5,"ornamentals",2007,0.37442218310639
4,"ornamentals",2008,0.402180596320745
3,"ornamentals",2008,0.402180596320745
2,"ornamentals",2008,0.402180596320745
1,"ornamentals",2008,0.402180596320745
10,"ornamentals",2008,0.402180596320745
7,"ornamentals",2008,0.402180596320745
11,"ornamentals",2008,0.402180596320745
8,"ornamentals",2008,0.402180596320745
6,"ornamentals",2008,0.402180596320745
9,"ornamentals",2008,0.402180596320745
5,"ornamentals",2008,0.402180596320745
4,"ornamentals",2009,0.416460570291959
3,"ornamentals",2009,0.416460570291959
2,"ornamentals",2009,0.416460570291959
1,"ornamentals",2009,0.416460570291959
10,"ornamentals",2009,0.416460570291959
7,"ornamentals",2009,0.416460570291959
11,"ornamentals",2009,0.416460570291959
8,"ornamentals",2009,0.416460570291959
6,"ornamentals",2009,0.416460570291959
9,"ornamentals",2009,0.416460570291959
5,"ornamentals",2009,0.416460570291959
4,"ornamentals",2010,0.426585219488684
3,"ornamentals",2010,0.426585219488684
2,"ornamentals",2010,0.426585219488684
1,"ornamentals",2010,0.426585219488684
10,"ornamentals",2010,0.426585219488684
7,"ornamentals",2010,0.426585219488684
11,"ornamentals",2010,0.426585219488684
8,"ornamentals",2010,0.426585219488684
6,"ornamentals",2010,0.426585219488684
9,"ornamentals",2010,0.426585219488684
5,"ornamentals",2010,0.426585219488684
4,"ornamentals",2011,0.425910242875569
3,"ornamentals",2011,0.425910242875569
2,"ornamentals",2011,0.425910242875569
1,"ornamentals",2011,0.425910242875569
10,"ornamentals",2011,0.425910242875569
7,"ornamentals",2011,0.425910242875569
11,"ornamentals",2011,0.425910242875569
8,"ornamentals",2011,0.425910242875569
6,"ornamentals",2011,0.425910242875569
9,"ornamentals",2011,0.425910242875569
5,"ornamentals",2011,0.425910242875569
4,"seaweeds",1990,0.0116685659285675
3,"seaweeds",1990,0.0116685659285675
2,"seaweeds",1990,0.0116685659285675
1,"seaweeds",1990,0.0116685659285675
10,"seaweeds",1990,0.0116685659285675
7,"seaweeds",1990,0.0116685659285675
11,"seaweeds",1990,0.0116685659285675
8,"seaweeds",1990,0.0116685659285675
6,"seaweeds",1990,0.0116685659285675
9,"seaweeds",1990,0.0116685659285675
5,"seaweeds",1990,0.0116685659285675
4,"seaweeds",1991,0.0163058729041895
3,"seaweeds",1991,0.0163058729041895
2,"seaweeds",1991,0.0163058729041895
1,"seaweeds",1991,0.0163058729041895
10,"seaweeds",1991,0.0163058729041895
7,"seaweeds",1991,0.0163058729041895
11,"seaweeds",1991,0.0163058729041895
8,"seaweeds",1991,0.0163058729041895
6,"seaweeds",1991,0.0163058729041895
9,"seaweeds",1991,0.0163058729041895
5,"seaweeds",1991,0.0163058729041895
4,"seaweeds",1992,0.129260807028211
3,"seaweeds",1992,0.129260807028211
2,"seaweeds",1992,0.129260807028211
1,"seaweeds",1992,0.129260807028211
10,"seaweeds",1992,0.129260807028211
7,"seaweeds",1992,0.129260807028211
11,"seaweeds",1992,0.129260807028211
8,"seaweeds",1992,0.129260807028211
6,"seaweeds",1992,0.129260807028211
9,"seaweeds",1992,0.129260807028211
5,"seaweeds",1992,0.129260807028211
4,"seaweeds",1993,0.282948924044584
3,"seaweeds",1993,0.282948924044584
2,"seaweeds",1993,0.282948924044584
1,"seaweeds",1993,0.282948924044584
10,"seaweeds",1993,0.282948924044584
7,"seaweeds",1993,0.282948924044584
11,"seaweeds",1993,0.282948924044584
8,"seaweeds",1993,0.282948924044584
6,"seaweeds",1993,0.282948924044584
9,"seaweeds",1993,0.282948924044584
5,"seaweeds",1993,0.282948924044584
4,"seaweeds",1994,0.446248848248104
3,"seaweeds",1994,0.446248848248104
2,"seaweeds",1994,0.446248848248104
1,"seaweeds",1994,0.446248848248104
10,"seaweeds",1994,0.446248848248104
7,"seaweeds",1994,0.446248848248104
11,"seaweeds",1994,0.446248848248104
8,"seaweeds",1994,0.446248848248104
6,"seaweeds",1994,0.446248848248104
9,"seaweeds",1994,0.446248848248104
5,"seaweeds",1994,0.446248848248104
4,"seaweeds",1995,0.620031762162851
3,"seaweeds",1995,0.620031762162851
2,"seaweeds",1995,0.620031762162851
1,"seaweeds",1995,0.620031762162851
10,"seaweeds",1995,0.620031762162851
7,"seaweeds",1995,0.620031762162851
11,"seaweeds",1995,0.620031762162851
8,"seaweeds",1995,0.620031762162851
6,"seaweeds",1995,0.620031762162851
9,"seaweeds",1995,0.620031762162851
5,"seaweeds",1995,0.620031762162851
4,"seaweeds",1996,0.655131058070975
3,"seaweeds",1996,0.655131058070975
2,"seaweeds",1996,0.655131058070975
1,"seaweeds",1996,0.655131058070975
10,"seaweeds",1996,0.655131058070975
7,"seaweeds",1996,0.655131058070975
11,"seaweeds",1996,0.655131058070975
8,"seaweeds",1996,0.655131058070975
6,"seaweeds",1996,0.655131058070975
9,"seaweeds",1996,0.655131058070975
5,"seaweeds",1996,0.655131058070975
4,"seaweeds",1997,0.673262094362387
3,"seaweeds",1997,0.673262094362387
2,"seaweeds",1997,0.673262094362387
1,"seaweeds",1997,0.673262094362387
10,"seaweeds",1997,0.673262094362387
7,"seaweeds",1997,0.673262094362387
11,"seaweeds",1997,0.673262094362387
8,"seaweeds",1997,0.673262094362387
6,"seaweeds",1997,0.673262094362387
9,"seaweeds",1997,0.673262094362387
5,"seaweeds",1997,0.673262094362387
4,"seaweeds",1998,0.675578647892323
3,"seaweeds",1998,0.675578647892323
2,"seaweeds",1998,0.675578647892323
1,"seaweeds",1998,0.675578647892323
10,"seaweeds",1998,0.675578647892323
7,"seaweeds",1998,0.675578647892323
11,"seaweeds",1998,0.675578647892323
8,"seaweeds",1998,0.675578647892323
6,"seaweeds",1998,0.675578647892323
9,"seaweeds",1998,0.675578647892323
5,"seaweeds",1998,0.675578647892323
4,"seaweeds",1999,0.668637987121978
3,"seaweeds",1999,0.668637987121978
2,"seaweeds",1999,0.668637987121978
1,"seaweeds",1999,0.668637987121978
10,"seaweeds",1999,0.668637987121978
7,"seaweeds",1999,0.668637987121978
11,"seaweeds",1999,0.668637987121978
8,"seaweeds",1999,0.668637987121978
6,"seaweeds",1999,0.668637987121978
9,"seaweeds",1999,0.668637987121978
5,"seaweeds",1999,0.668637987121978
4,"seaweeds",2000,0.713617284837266
3,"seaweeds",2000,0.713617284837266
2,"seaweeds",2000,0.713617284837266
1,"seaweeds",2000,0.713617284837266
10,"seaweeds",2000,0.713617284837266
7,"seaweeds",2000,0.713617284837266
11,"seaweeds",2000,0.713617284837266
8,"seaweeds",2000,0.713617284837266
6,"seaweeds",2000,0.713617284837266
9,"seaweeds",2000,0.713617284837266
5,"seaweeds",2000,0.713617284837266
4,"seaweeds",2001,0.738069794319926
3,"seaweeds",2001,0.738069794319926
2,"seaweeds",2001,0.738069794319926
1,"seaweeds",2001,0.738069794319926
10,"seaweeds",2001,0.738069794319926
7,"seaweeds",2001,0.738069794319926
11,"seaweeds",2001,0.738069794319926
8,"seaweeds",2001,0.738069794319926
6,"seaweeds",2001,0.738069794319926
9,"seaweeds",2001,0.738069794319926
5,"seaweeds",2001,0.738069794319926
4,"seaweeds",2002,0.801736317169477
3,"seaweeds",2002,0.801736317169477
2,"seaweeds",2002,0.801736317169477
1,"seaweeds",2002,0.801736317169477
10,"seaweeds",2002,0.801736317169477
7,"seaweeds",2002,0.801736317169477
11,"seaweeds",2002,0.801736317169477
8,"seaweeds",2002,0.801736317169477
6,"seaweeds",2002,0.801736317169477
9,"seaweeds",2002,0.801736317169477
5,"seaweeds",2002,0.801736317169477
4,"seaweeds",2003,0.876089225650133
3,"seaweeds",2003,0.876089225650133
2,"seaweeds",2003,0.876089225650133
1,"seaweeds",2003,0.876089225650133
10,"seaweeds",2003,0.876089225650133
7,"seaweeds",2003,0.876089225650133
11,"seaweeds",2003,0.876089225650133
8,"seaweeds",2003,0.876089225650133
6,"seaweeds",2003,0.876089225650133
9,"seaweeds",2003,0.876089225650133
5,"seaweeds",2003,0.876089225650133
4,"seaweeds",2004,0.975281635850385
3,"seaweeds",2004,0.975281635850385
2,"seaweeds",2004,0.975281635850385
1,"seaweeds",2004,0.975281635850385
10,"seaweeds",2004,0.975281635850385
7,"seaweeds",2004,0.975281635850385
11,"seaweeds",2004,0.975281635850385
8,"seaweeds",2004,0.975281635850385
6,"seaweeds",2004,0.975281635850385
9,"seaweeds",2004,0.975281635850385
5,"seaweeds",2004,0.975281635850385
4,"seaweeds",2005,1
3,"seaweeds",2005,1
2,"seaweeds",2005,1
1,"seaweeds",2005,1
10,"seaweeds",2005,1
7,"seaweeds",2005,1
11,"seaweeds",2005,1
8,"seaweeds",2005,1
6,"seaweeds",2005,1
9,"seaweeds",2005,1
5,"seaweeds",2005,1
4,"seaweeds",2006,1
3,"seaweeds",2006,1
2,"seaweeds",2006,1
1,"seaweeds",2006,1
10,"seaweeds",2006,1
7,"seaweeds",2006,1
11,"seaweeds",2006,1
8,"seaweeds",2006,1
6,"seaweeds",2006,1
9,"seaweeds",2006,1
5,"seaweeds",2006,1
4,"seaweeds",2007,1
3,"seaweeds",2007,1
2,"seaweeds",2007,1
1,"seaweeds",2007,1
10,"seaweeds",2007,1
7,"seaweeds",2007,1
11,"seaweeds",2007,1
8,"seaweeds",2007,1
6,"seaweeds",2007,1
9,"seaweeds",2007,1
5,"seaweeds",2007,1
4,"seaweeds",2008,1
3,"seaweeds",2008,1
2,"seaweeds",2008,1
1,"seaweeds",2008,1
10,"seaweeds",2008,1
7,"seaweeds",2008,1
11,"seaweeds",2008,1
8,"seaweeds",2008,1
6,"seaweeds",2008,1
9,"seaweeds",2008,1
5,"seaweeds",2008,1
4,"seaweeds",2009,1
3,"seaweeds",2009,1
2,"seaweeds",2009,1
1,"seaweeds",2009,1
10,"seaweeds",2009,1
7,"seaweeds",2009,1
11,"seaweeds",2009,1
8,"seaweeds",2009,1
6,"seaweeds",2009,1
9,"seaweeds",2009,1
5,"seaweeds",2009,1
4,"seaweeds",2010,1
3,"seaweeds",2010,1
2,"seaweeds",2010,1
1,"seaweeds",2010,1
10,"seaweeds",2010,1
7,"seaweeds",2010,1
11,"seaweeds",2010,1
8,"seaweeds",2010,1
6,"seaweeds",2010,1
9,"seaweeds",2010,1
5,"seaweeds",2010,1
4,"seaweeds",2011,1
3,"seaweeds",2011,1
2,"seaweeds",2011,1
1,"seaweeds",2011,1
10,"seaweeds",2011,1
7,"seaweeds",2011,1
11,"seaweeds",2011,1
8,"seaweeds",2011,1
6,"seaweeds",2011,1
9,"seaweeds",2011,1
5,"seaweeds",2011,1
4,"sponges",1990,0.327296712838882
3,"sponges",1990,0.327296712838882
2,"sponges",1990,0.327296712838882
1,"sponges",1990,0.327296712838882
10,"sponges",1990,0.327296712838882
7,"sponges",1990,0.327296712838882
11,"sponges",1990,0.327296712838882
8,"sponges",1990,0.327296712838882
6,"sponges",1990,0.327296712838882
9,"sponges",1990,0.327296712838882
5,"sponges",1990,0.327296712838882
4,"sponges",1991,0.333642261353105
3,"sponges",1991,0.333642261353105
2,"sponges",1991,0.333642261353105
1,"sponges",1991,0.333642261353105
10,"sponges",1991,0.333642261353105
7,"sponges",1991,0.333642261353105
11,"sponges",1991,0.333642261353105
8,"sponges",1991,0.333642261353105
6,"sponges",1991,0.333642261353105
9,"sponges",1991,0.333642261353105
5,"sponges",1991,0.333642261353105
4,"sponges",1992,0.248979285123863
3,"sponges",1992,0.248979285123863
2,"sponges",1992,0.248979285123863
1,"sponges",1992,0.248979285123863
10,"sponges",1992,0.248979285123863
7,"sponges",1992,0.248979285123863
11,"sponges",1992,0.248979285123863
8,"sponges",1992,0.248979285123863
6,"sponges",1992,0.248979285123863
9,"sponges",1992,0.248979285123863
5,"sponges",1992,0.248979285123863
4,"sponges",1993,0.294567041554993
3,"sponges",1993,0.294567041554993
2,"sponges",1993,0.294567041554993
1,"sponges",1993,0.294567041554993
10,"sponges",1993,0.294567041554993
7,"sponges",1993,0.294567041554993
11,"sponges",1993,0.294567041554993
8,"sponges",1993,0.294567041554993
6,"sponges",1993,0.294567041554993
9,"sponges",1993,0.294567041554993
5,"sponges",1993,0.294567041554993
4,"sponges",1994,0.39626280590136
3,"sponges",1994,0.39626280590136
2,"sponges",1994,0.39626280590136
1,"sponges",1994,0.39626280590136
10,"sponges",1994,0.39626280590136
7,"sponges",1994,0.39626280590136
11,"sponges",1994,0.39626280590136
8,"sponges",1994,0.39626280590136
6,"sponges",1994,0.39626280590136
9,"sponges",1994,0.39626280590136
5,"sponges",1994,0.39626280590136
4,"sponges",1995,0.392255091050272
3,"sponges",1995,0.392255091050272
2,"sponges",1995,0.392255091050272
1,"sponges",1995,0.392255091050272
10,"sponges",1995,0.392255091050272
7,"sponges",1995,0.392255091050272
11,"sponges",1995,0.392255091050272
8,"sponges",1995,0.392255091050272
6,"sponges",1995,0.392255091050272
9,"sponges",1995,0.392255091050272
5,"sponges",1995,0.392255091050272
4,"sponges",1996,0.389249304911955
3,"sponges",1996,0.389249304911955
2,"sponges",1996,0.389249304911955
1,"sponges",1996,0.389249304911955
10,"sponges",1996,0.389249304911955
7,"sponges",1996,0.389249304911955
11,"sponges",1996,0.389249304911955
8,"sponges",1996,0.389249304911955
6,"sponges",1996,0.389249304911955
9,"sponges",1996,0.389249304911955
5,"sponges",1996,0.389249304911955
4,"sponges",1997,0.292563184129449
3,"sponges",1997,0.292563184129449
2,"sponges",1997,0.292563184129449
1,"sponges",1997,0.292563184129449
10,"sponges",1997,0.292563184129449
7,"sponges",1997,0.292563184129449
11,"sponges",1997,0.292563184129449
8,"sponges",1997,0.292563184129449
6,"sponges",1997,0.292563184129449
9,"sponges",1997,0.292563184129449
5,"sponges",1997,0.292563184129449
4,"sponges",1998,0.565588758359843
3,"sponges",1998,0.565588758359843
2,"sponges",1998,0.565588758359843
1,"sponges",1998,0.565588758359843
10,"sponges",1998,0.565588758359843
7,"sponges",1998,0.565588758359843
11,"sponges",1998,0.565588758359843
8,"sponges",1998,0.565588758359843
6,"sponges",1998,0.565588758359843
9,"sponges",1998,0.565588758359843
5,"sponges",1998,0.565588758359843
4,"sponges",1999,1
3,"sponges",1999,1
2,"sponges",1999,1
1,"sponges",1999,1
10,"sponges",1999,1
7,"sponges",1999,1
11,"sponges",1999,1
8,"sponges",1999,1
6,"sponges",1999,1
9,"sponges",1999,1
5,"sponges",1999,1
4,"sponges",2000,1
3,"sponges",2000,1
2,"sponges",2000,1
1,"sponges",2000,1
10,"sponges",2000,1
7,"sponges",2000,1
11,"sponges",2000,1
8,"sponges",2000,1
6,"sponges",2000,1
9,"sponges",2000,1
5,"sponges",2000,1
4,"sponges",2001,1
3,"sponges",2001,1
2,"sponges",2001,1
1,"sponges",2001,1
10,"sponges",2001,1
7,"sponges",2001,1
11,"sponges",2001,1
8,"sponges",2001,1
6,"sponges",2001,1
9,"sponges",2001,1
5,"sponges",2001,1
4,"sponges",2002,1
3,"sponges",2002,1
2,"sponges",2002,1
1,"sponges",2002,1
10,"sponges",2002,1
7,"sponges",2002,1
11,"sponges",2002,1
8,"sponges",2002,1
6,"sponges",2002,1
9,"sponges",2002,1
5,"sponges",2002,1
4,"sponges",2003,0.734413746461939
3,"sponges",2003,0.734413746461939
2,"sponges",2003,0.734413746461939
1,"sponges",2003,0.734413746461939
10,"sponges",2003,0.734413746461939
7,"sponges",2003,0.734413746461939
11,"sponges",2003,0.734413746461939
8,"sponges",2003,0.734413746461939
6,"sponges",2003,0.734413746461939
9,"sponges",2003,0.734413746461939
5,"sponges",2003,0.734413746461939
4,"sponges",2004,0.462891065300704
3,"sponges",2004,0.462891065300704
2,"sponges",2004,0.462891065300704
1,"sponges",2004,0.462891065300704
10,"sponges",2004,0.462891065300704
7,"sponges",2004,0.462891065300704
11,"sponges",2004,0.462891065300704
8,"sponges",2004,0.462891065300704
6,"sponges",2004,0.462891065300704
9,"sponges",2004,0.462891065300704
5,"sponges",2004,0.462891065300704
4,"sponges",2005,0.156300879192445
3,"sponges",2005,0.156300879192445
2,"sponges",2005,0.156300879192445
1,"sponges",2005,0.156300879192445
10,"sponges",2005,0.156300879192445
7,"sponges",2005,0.156300879192445
11,"sponges",2005,0.156300879192445
8,"sponges",2005,0.156300879192445
6,"sponges",2005,0.156300879192445
9,"sponges",2005,0.156300879192445
5,"sponges",2005,0.156300879192445
4,"sponges",2006,0.156300879192445
3,"sponges",2006,0.156300879192445
2,"sponges",2006,0.156300879192445
1,"sponges",2006,0.156300879192445
10,"sponges",2006,0.156300879192445
7,"sponges",2006,0.156300879192445
11,"sponges",2006,0.156300879192445
8,"sponges",2006,0.156300879192445
6,"sponges",2006,0.156300879192445
9,"sponges",2006,0.156300879192445
5,"sponges",2006,0.156300879192445
4,"sponges",2007,0.0521002930641485
3,"sponges",2007,0.0521002930641485
2,"sponges",2007,0.0521002930641485
1,"sponges",2007,0.0521002930641485
10,"sponges",2007,0.0521002930641485
7,"sponges",2007,0.0521002930641485
11,"sponges",2007,0.0521002930641485
8,"sponges",2007,0.0521002930641485
6,"sponges",2007,0.0521002930641485
9,"sponges",2007,0.0521002930641485
5,"sponges",2007,0.0521002930641485
4,"sponges",2008,0
3,"sponges",2008,0
2,"sponges",2008,0
1,"sponges",2008,0
10,"sponges",2008,0
7,"sponges",2008,0
11,"sponges",2008,0
8,"sponges",2008,0
6,"sponges",2008,0
9,"sponges",2008,0
5,"sponges",2008,0
4,"sponges",2009,0
3,"sponges",2009,0
2,"sponges",2009,0
1,"sponges",2009,0
10,"sponges",2009,0
7,"sponges",2009,0
11,"sponges",2009,0
8,"sponges",2009,0
6,"sponges",2009,0
9,"sponges",2009,0
5,"sponges",2009,0
4,"sponges",2010,0
3,"sponges",2010,0
2,"sponges",2010,0
1,"sponges",2010,0
10,"sponges",2010,0
7,"sponges",2010,0
11,"sponges",2010,0
8,"sponges",2010,0
6,"sponges",2010,0
9,"sponges",2010,0
5,"sponges",2010,0
4,"sponges",2011,0
3,"sponges",2011,0
2,"sponges",2011,0
1,"sponges",2011,0
10,"sponges",2011,0
7,"sponges",2011,0
11,"sponges",2011,0
8,"sponges",2011,0
6,"sponges",2011,0
9,"sponges",2011,0
5,"sponges",2011,0
